Sweep Expansion, 1
P,0.0012
I,0.0033
D,0.0
All,1.0
t (s), Frequency Drift (GHz), Active Current (mA) 
2.066, -0.01682128336850813, 129.2736738056013
17.4, -0.012615962526381098, 129.2905436573311
32.73, -0.008410641684254065, 129.28210873146622
48.078, -0.006541610198864273, 129.3242833607908
63.418, -0.008410641684254065, 129.2905436573311
