Sweep Expansion, 1
P,0.0012
I,0.0033
D,0.0
All,1.0
t (s), Frequency Drift (GHz), Active Current (mA) 
2.079, -0.004205320842127032, 129.29897858319603
17.408, -0.0018690314853897925, 129.27367380560133
32.741, -0.004672578713474481, 129.31584843492584
48.083, -0.0018690314853897925, 129.27367380560133
63.428, -0.0056070944561693765, 129.2652388797364
78.765, -0.00747612594155917, 129.30741350906095
94.108, -0.00513983658482193, 129.28210873146622
