Sweep Expansion, 1
P,0.0012
I,0.0033
D,0.0
All,1.0
t (s), Frequency Drift (GHz), Active Current (mA) 
2.074, -0.003738062970779585, 129.24836902800658
17.412, -0.010746931040991307, 129.23993410214166
32.754, -0.009345157426948962, 129.23993410214166
48.085, -0.008410641684254065, 129.2568039538715
