Sweep Expansion, 1
P,0.0012
I,0.0033
D,0.0
All,1.0
t (s), Frequency Drift (GHz), Active Current (mA) 
2.108, -0.0023362893567372405, 129.2568039538715
17.446, -0.0056070944561693765, 129.2568039538715
32.777, -0.004205320842127032, 129.2905436573311
48.129, -0.0032708050994321365, 129.2568039538715
