Sweep Expansion, 1
P,0.01
I,0.002
D,0.0
All,1.0
t (s), Frequency Drift (GHz), Active Current (mA) 
2.106, -0.11401092060877734, 0.28678747940691923
17.448, -0.20185540042209757, 0.2530477759472817
32.766, -0.20559346339287718, 0.2614827018121911
48.089, -0.19718282170862308, 0.26148270181219113
