Sweep Expansion, 1
P,0.0012
I,0.0033
D,0.0
All,1.0
t (s), Frequency Drift (GHz), Active Current (mA) 
2.025, -0.006074352327516825, 129.30741350906095
17.364, -0.0056070944561693765, 129.28210873146622
32.733, -0.00046725787134744814, 129.2652388797364
48.072, 0.0, 129.30741350906095
